name,email,phone
Aaron Lee,aaron.lee@example.com,91234501
Bella Chan,bella.chan@example.com,91234502
Calvin Ng,calvin.ng@example.com,91234503
Diana Ho,diana.ho@example.com,91234504
Ethan Fong,ethan.fong@example.com,91234505
Fiona Yip,fiona.yip@example.com,91234506
Gavin Leung,gavin.leung@example.com,91234507
Hannah Cheng,hannah.cheng@example.com,91234508
Ian Tam,ian.tam@example.com,91234509
Jasmine Tse,jasmine.tse@example.com,91234510
Ken Pang,ken.pang@example.com,91234511
Lily Hui,lily.hui@example.com,91234512
Marcus Tong,marcus.tong@example.com,91234513
Natalie Luk,natalie.luk@example.com,91234514
Oscar Cheung,oscar.cheung@example.com,91234515
Phoebe Kwan,phoebe.kwan@example.com,91234516
Quentin Lo,quentin.lo@example.com,91234517
Rachel Yeung,rachel.yeung@example.com,91234518
Samuel Lai,samuel.lai@example.com,91234519
Tiffany Wong,tiffany.wong@example.com,91234520
Ursula Chan,ursula.chan@example.com,91234521
Victor Ng,victor.ng@example.com,91234522
Wendy Ho,wendy.ho@example.com,91234523
Xander Fong,xander.fong@example.com,91234524
Yvonne Yip,yvonne.yip@example.com,91234525
Zachary Leung,zachary.leung@example.com,91234526
Amy Cheng,amy.cheng@example.com,91234527
Ben Tam,ben.tam@example.com,91234528
Chloe Tse,chloe.tse@example.com,91234529
Derek Pang,derek.pang@example.com,91234530
